OBJECTID,UPlCodigo,UPlNombre,SHAPE_Leng,LocNombre,LocCodigo,idred,RedIntregr,SHAPE_Le_1,SHAPE_Area
1,UPZ100,GALERIAS,0.06056277,BARRIOS UNIDOS,12,4,Territorio Red Norte,0.06056277,0.00019347
2,UPZ83,LAS MARGARITAS,0.05809272,KENNEDY,8,2,Territorio Red Sur Occidente,0.05809272,0.00011991
3,UPZ107,QUINTA PAREDES,0.05957581,TEUSAQUILLO,13,4,Territorio Red Norte,0.05957581,0.00014166
4,UPZ101,TEUSAQUILLO,0.06356544,TEUSAQUILLO,13,4,Territorio Red Norte,0.06356544,0.00019194
5,UPZ91,SAGRADO CORAZON,0.06491195,TEUSAQUILLO,13,4,Territorio Red Norte,0.06491195,0.00011951
6,UPZ81,GRAN BRITALIA,0.06921748,KENNEDY,8,2,Territorio Red Sur Occidente,0.06921748,0.0001465
7,UPZ108,ZONA INDUSTRIAL,0.07101292,TEUSAQUILLO,13,4,Territorio Red Norte,0.07101292,0.00028254
8,UPZ75,FONTIBON,0.07824012,FONTIBON,9,2,Territorio Red Sur Occidente,0.07824012,0.00040432
9,UPZ22,DOCE DE OCTUBRE,0.06905636,BARRIOS UNIDOS,12,4,Territorio Red Norte,0.06905636,0.00027384
10,UPZ114,MODELIA,0.06636463,FONTIBON,9,2,Territorio Red Sur Occidente,0.06636463,0.00021303
11,UPZ103,PARQUE SALITRE,0.05404711,BARRIOS UNIDOS,12,4,Territorio Red Norte,0.05404711,0.00013457
12,UPZ105,JARDIN BOTANICO,0.04717506,BARRIOS UNIDOS,12,4,Territorio Red Norte,0.04717506,0.00013169
13,UPZ88,EL REFUGIO,0.11952914,USAQUEN,1,4,Territorio Red Norte,0.11952914,0.00027362
14,UPZ27,SUBA,0.12411715,SUBA,11,4,Territorio Red Norte,0.12411715,0.00053178
15,UPZ72,BOLIVIA,0.09079184,SUBA,11,4,Territorio Red Norte,0.09079184,0.00038646
16,UPZ15,COUNTRY CLUB,0.06354134,SUBA,11,4,Territorio Red Norte,0.06354134,0.00023261
17,UPZ16,SANTA BARBARA,0.07734376,BARRIOS UNIDOS,12,4,Territorio Red Norte,0.07734376,0.00037357
18,UPZ21,LOS ANDES,0.05765049,BARRIOS UNIDOS,12,4,Territorio Red Norte,0.05765049,0.00022381
19,UPZ89,SAN ISIDRO - PATIOS,0.05323999,USAQUEN,1,4,Territorio Red Norte,0.05323999,9.20E-05
20,UPZ106,LA ESMERALDA,0.0541647,BARRIOS UNIDOS,12,4,Territorio Red Norte,0.0541647,0.00015707
21,UPZ86,EL PORVENIR,0.09053768,KENNEDY,8,2,Territorio Red Sur Occidente,0.09053768,0.00037545
22,UPZ82,PATIO BONITO,0.08301776,KENNEDY,8,2,Territorio Red Sur Occidente,0.08301776,0.00025841
23,UPZ99,CHAPINERO,0.07958071,BARRIOS UNIDOS,12,4,Territorio Red Norte,0.07958071,0.00012973
24,UPZ109,CIUDAD SALITRE ORIENTAL,0.05797411,TEUSAQUILLO,13,4,Territorio Red Norte,0.05797411,0.00014702
25,UPZ90,PARDO RUBIO,0.13039872,SANTA FE,3,3,Territorio Red Centro Oriente,0.13039872,0.00023225
26,UPZ33,SOSIEGO,0.05867176,RAFAEL URIBE URIBE,18,3,Territorio Red Centro Oriente,0.05867176,0.00019129
27,UPZ111,PUENTE ARANDA,0.07876444,TEUSAQUILLO,13,4,Territorio Red Norte,0.07876444,0.00029027
28,UPZ102,LA SABANA,0.07646898,TEUSAQUILLO,13,4,Territorio Red Norte,0.07646898,0.00036721
29,UPZ45,CARVAJAL,0.09134749,TUNJUELITO,6,1,Territorio Red Sur,0.09134749,0.00035716
30,UPZ93,LAS NIEVES,0.06185131,TEUSAQUILLO,13,4,Territorio Red Norte,0.06185131,0.00014053
31,UPZ37,SANTA ISABEL,0.05539622,LOS MARTIRES,14,3,Territorio Red Centro Oriente,0.05539622,0.00016324
32,UPZ49,APOGEO,0.07336394,KENNEDY,8,2,Territorio Red Sur Occidente,0.07336394,0.00017148
33,UPZ19,EL PRADO,0.09591693,SUBA,11,4,Territorio Red Norte,0.09591693,0.00035299
34,UPZ24,NIZA,0.12220205,SUBA,11,4,Territorio Red Norte,0.12220205,0.0006162
35,UPZ23,CASA BLANCA SUBA,0.09318943,SUBA,11,4,Territorio Red Norte,0.09318943,0.00034247
36,UPZ110,CIUDAD SALITRE OCCIDENTAL,0.05497864,TEUSAQUILLO,13,4,Territorio Red Norte,0.05497864,0.00018381
37,UPZ104,PARQUE SIMON BOLIVAR - CAN,0.11047598,BARRIOS UNIDOS,12,4,Territorio Red Norte,0.11047598,0.00032467
38,UPZ31,SANTA CECILIA,0.0692341,ENGATIVA,10,4,Territorio Red Norte,0.0692341,0.00025131
39,UPZ68,EL TESORO,0.09072186,CIUDAD BOLIVAR,19,1,Territorio Red Sur,0.09072186,0.00017169
40,UPZ64,MONTE BLANCO,0.19686587,USME,5,1,Territorio Red Sur,0.19686587,0.00056642
41,UPZ71,TIBABUYES,0.15653033,SUBA,11,4,Territorio Red Norte,0.15653033,0.00059162
42,UPZ29,MINUTO DE DIOS,0.08422557,SUBA,11,4,Territorio Red Norte,0.08422557,0.000304
43,UPZ76,FONTIBON SAN PABLO,0.08721918,FONTIBON,9,2,Territorio Red Sur Occidente,0.08721918,0.00029317
44,UPZ3,GUAYMARAL,0.10729746,SUBA,11,4,Territorio Red Norte,0.10729746,0.00036951
45,UPZ80,CORABASTOS,0.05308656,KENNEDY,8,2,Territorio Red Sur Occidente,0.05308656,0.00015027
46,UPZ67,LUCERO,0.12185553,TUNJUELITO,6,1,Territorio Red Sur,0.12185553,0.00047747
47,UPZ63,EL MOCHUELO,0.09852597,TUNJUELITO,6,1,Territorio Red Sur,0.09852597,0.0002579
48,UPZ55,DIANA TURBAY,0.07121449,RAFAEL URIBE URIBE,18,3,Territorio Red Centro Oriente,0.07121449,0.00017216
49,UPZ51,LOS LIBERTADORES,0.11468879,RAFAEL URIBE URIBE,18,3,Territorio Red Centro Oriente,0.11468879,0.00029715
50,UPZ60,PARQUE ENTRENUBES,0.13191932,RAFAEL URIBE URIBE,18,3,Territorio Red Centro Oriente,0.13191932,0.00031105
51,UPZ56,DANUBIO,0.08739913,TUNJUELITO,6,1,Territorio Red Sur,0.08739913,0.00023511
52,UPZ65,ARBORIZADORA,0.14141227,TUNJUELITO,6,1,Territorio Red Sur,0.14141227,0.00024939
53,UPZ2,LA ACADEMIA,0.12596425,SUBA,11,4,Territorio Red Norte,0.12596425,0.00054742
54,UPZ17,SAN JOSE DE BAVARIA,0.085272,SUBA,11,4,Territorio Red Norte,0.085272,0.00035697
55,UPZ18,BRITALIA,0.07104776,SUBA,11,4,Territorio Red Norte,0.07104776,0.00026768
56,UPZ26,LAS FERIAS,0.08409591,BARRIOS UNIDOS,12,4,Territorio Red Norte,0.08409591,0.00038549
57,UPZ115,CAPELLANIA,0.09547234,ENGATIVA,10,4,Territorio Red Norte,0.09547234,0.00022161
58,UPZ50,LA GLORIA,0.12381564,RAFAEL URIBE URIBE,18,3,Territorio Red Centro Oriente,0.12381564,0.00031419
59,UPZ60,PARQUE ENTRENUBES,0.03336099,RAFAEL URIBE URIBE,18,3,Territorio Red Centro Oriente,0.03336099,3.01E-05
60,UPZ20,LA ALHAMBRA,0.06376832,BARRIOS UNIDOS,12,4,Territorio Red Norte,0.06376832,0.00023193
61,UPZ79,CALANDAIMA,0.08705838,KENNEDY,8,2,Territorio Red Sur Occidente,0.08705838,0.00025973
62,UPZ12,TOBERIN,0.06450494,SUBA,11,4,Territorio Red Norte,0.06450494,0.00023674
63,UPZ10,LA URIBE,0.10083865,SUBA,11,4,Territorio Red Norte,0.10083865,0.00028121
64,UPZ59,ALFONSO LOPEZ,0.06995825,USME,5,1,Territorio Red Sur,0.06995825,0.00017627
65,UPZ58,COMUNEROS,0.11763925,USME,5,1,Territorio Red Sur,0.11763925,0.00040143
66,UPZ43,SAN RAFAEL,0.0702767,PUENTE ARANDA,16,2,Territorio Red Sur Occidente,0.0702767,0.00026817
67,UPZ47,KENNEDY CENTRAL,0.08323578,KENNEDY,8,2,Territorio Red Sur Occidente,0.08323578,0.00027461
68,UPZ48,TIMIZA,0.10548036,KENNEDY,8,2,Territorio Red Sur Occidente,0.10548036,0.00035052
69,UPZ113,BAVARIA,0.06072521,PUENTE ARANDA,16,2,Territorio Red Sur Occidente,0.06072521,0.00022576
70,UPZ44,AMERICAS,0.07939973,KENNEDY,8,2,Territorio Red Sur Occidente,0.07939973,0.00031024
71,UPZ13,LOS CEDROS,0.11840785,SUBA,11,4,Territorio Red Norte,0.11840785,0.00054752
72,UPZ70,JERUSALEM,0.12207114,CIUDAD BOLIVAR,19,1,Territorio Red Sur,0.12207114,0.00043765
73,UPZ36,SAN JOSE,0.05717493,RAFAEL URIBE URIBE,18,3,Territorio Red Centro Oriente,0.05717493,0.00016933
74,UPZ66,SAN FRANCISCO,0.07435825,TUNJUELITO,6,1,Territorio Red Sur,0.07435825,0.00014543
75,UPZ57,GRAN YOMASA,0.14072145,USME,5,1,Territorio Red Sur,0.14072145,0.00043626
76,UPZ52,LA FLORA,0.08726529,SAN CRISTOBAL,4,3,Territorio Red Centro Oriente,0.08726529,0.00014682
77,UPZ52,LA FLORA,0.01173432,USME,5,1,Territorio Red Sur,0.01173432,6.02E-06
78,UPZ11,SAN CRISTOBAL NORTE,0.09820609,USAQUEN,1,4,Territorio Red Norte,0.09820609,0.0002242
79,UPZ14,USAQUEN,0.1336477,USAQUEN,1,4,Territorio Red Norte,0.1336477,0.00040126
80,UPZ73,GARCES NAVAS,0.12122823,ENGATIVA,10,4,Territorio Red Norte,0.12122823,0.00045205
81,UPZ74,ENGATIVA,0.12242699,ENGATIVA,10,4,Territorio Red Norte,0.12242699,0.0004786
82,UPZ25,LA FLORESTA,0.10754108,BARRIOS UNIDOS,12,4,Territorio Red Norte,0.10754108,0.00032046
83,UPZ97,CHICO LAGO,0.10465543,BARRIOS UNIDOS,12,4,Territorio Red Norte,0.10465543,0.00034404
84,UPZ98,LOS ALCAZARES,0.07962914,BARRIOS UNIDOS,12,4,Territorio Red Norte,0.07962914,0.00033718
85,UPZ96,LOURDES,0.08608507,CANDELARIA,17,3,Territorio Red Centro Oriente,0.08608507,0.00016297
86,UPZ92,LA MACARENA,0.073558,CANDELARIA,17,3,Territorio Red Centro Oriente,0.073558,6.95E-05
87,UPZ94,LA CANDELARIA,0.06715641,CANDELARIA,17,3,Territorio Red Centro Oriente,0.06715641,0.00016777
88,UPZ9,VERBENAL,0.08690104,SUBA,11,4,Territorio Red Norte,0.08690104,0.00028979
89,UPZ28,EL RINCON,0.1185522,SUBA,11,4,Territorio Red Norte,0.1185522,0.00057834
90,UPZ30,BOYACA REAL,0.08043807,ENGATIVA,10,4,Territorio Red Norte,0.08043807,0.00036957
91,UPZ116,ALAMOS,0.08117443,ENGATIVA,10,4,Territorio Red Norte,0.08117443,0.00016308
92,UPZ35,CIUDAD JARDIN,0.04848404,LOS MARTIRES,14,3,Territorio Red Centro Oriente,0.04848404,0.00010849
93,UPZ38,RESTREPO,0.09543319,LOS MARTIRES,14,3,Territorio Red Centro Oriente,0.09543319,0.00028885
94,UPZ41,MUZU,0.06276576,PUENTE ARANDA,16,2,Territorio Red Sur Occidente,0.06276576,0.00020588
95,UPZ40,CIUDAD MONTES,0.07985542,PUENTE ARANDA,16,2,Territorio Red Sur Occidente,0.07985542,0.00036284
96,UPZ34,20 DE JULIO,0.0617638,RAFAEL URIBE URIBE,18,3,Territorio Red Centro Oriente,0.0617638,0.00021378
97,UPZ84,BOSA OCCIDENTAL,0.10628509,KENNEDY,8,2,Territorio Red Sur Occidente,0.10628509,0.00035048
98,UPZ85,BOSA CENTRAL,0.14801612,KENNEDY,8,2,Territorio Red Sur Occidente,0.14801612,0.00058196
99,UPZ32,SAN BLAS,0.157288,SANTA FE,3,3,Territorio Red Centro Oriente,0.157288,0.00032573
100,UPZ95,LAS CRUCES,0.04261824,LOS MARTIRES,14,3,Territorio Red Centro Oriente,0.04261824,7.52E-05
101,UPZ87,TINTAL SUR,0.14547286,BOSA,7,2,Territorio Red Sur Occidente,0.14547286,0.0004698
102,UPZ1,PASEO DE LOS LIBERTADORES,0.16450556,SUBA,11,4,Territorio Red Norte,0.16450556,0.00051393
103,UPZ46,CASTILLA,0.08892227,KENNEDY,8,2,Territorio Red Sur Occidente,0.08892227,0.00040978
104,UPZ112,GRANJAS DE TECHO,0.09346924,TEUSAQUILLO,13,4,Territorio Red Norte,0.09346924,0.00038895
105,UPZ78,TINTAL NORTE,0.09470913,KENNEDY,8,2,Territorio Red Sur Occidente,0.09470913,0.00027964
106,UPZ117,AEROPUERTO EL DORADO,0.13568565,ENGATIVA,10,4,Territorio Red Norte,0.13568565,0.00060519
107,UPZ77,ZONA FRANCA,0.16996874,KENNEDY,8,2,Territorio Red Sur Occidente,0.16996874,0.00040035
108,UPZ54,MARRUECOS,0.07917853,TUNJUELITO,6,1,Territorio Red Sur,0.07917853,0.00029549
109,UPZ39,QUIROGA,0.085462,TUNJUELITO,6,1,Territorio Red Sur,0.085462,0.00030575
110,UPZ62,TUNJUELITO,0.09174657,TUNJUELITO,6,1,Territorio Red Sur,0.09174657,0.00026647
111,UPZ53,MARCO FIDEL SUAREZ,0.05669328,RAFAEL URIBE URIBE,18,3,Territorio Red Centro Oriente,0.05669328,0.00015026
112,UPZ69,ISMAEL PERDOMO,0.09475742,BOSA,7,2,Territorio Red Sur Occidente,0.09475742,0.00045592
113,UPZ61,CIUDAD USME,0.24488713,USME,5,1,Territorio Red Sur,0.24488713,0.00075019
114,UPZ42,VENECIA,0.15120994,TUNJUELITO,6,1,Territorio Red Sur,0.15120994,0.00054056
118,1,UPR ZONA NORTE,0.61363375,SUBA,11,4,Territorio Red Norte,0.61363375,0.00305714
119,UPZ100,GALERIAS,0.06056277,BARRIOS UNIDOS,12,4,Territorio Red Norte,0.06056277,0.00019347
120,UPZ83,LAS MARGARITAS,0.05809272,KENNEDY,8,2,Territorio Red Sur Occidente,0.05809272,0.00011991
121,UPZ107,QUINTA PAREDES,0.05957581,TEUSAQUILLO,13,4,Territorio Red Norte,0.05957581,0.00014166
122,UPZ101,TEUSAQUILLO,0.06356544,TEUSAQUILLO,13,4,Territorio Red Norte,0.06356544,0.00019194
123,UPZ91,SAGRADO CORAZON,0.06491195,TEUSAQUILLO,13,4,Territorio Red Norte,0.06491195,0.00011951
124,UPZ81,GRAN BRITALIA,0.06921748,KENNEDY,8,2,Territorio Red Sur Occidente,0.06921748,0.0001465
125,UPZ108,ZONA INDUSTRIAL,0.07101292,TEUSAQUILLO,13,4,Territorio Red Norte,0.07101292,0.00028254
126,UPZ75,FONTIBON,0.07824012,FONTIBON,9,2,Territorio Red Sur Occidente,0.07824012,0.00040432
127,UPZ22,DOCE DE OCTUBRE,0.06905636,BARRIOS UNIDOS,12,4,Territorio Red Norte,0.06905636,0.00027384
128,UPZ114,MODELIA,0.06636463,FONTIBON,9,2,Territorio Red Sur Occidente,0.06636463,0.00021303
129,UPZ103,PARQUE SALITRE,0.05404711,BARRIOS UNIDOS,12,4,Territorio Red Norte,0.05404711,0.00013457
130,UPZ105,JARDIN BOTANICO,0.04717506,BARRIOS UNIDOS,12,4,Territorio Red Norte,0.04717506,0.00013169
131,UPZ88,EL REFUGIO,0.11952914,USAQUEN,1,4,Territorio Red Norte,0.11952914,0.00027362
132,UPZ27,SUBA,0.12411715,SUBA,11,4,Territorio Red Norte,0.12411715,0.00053178
133,UPZ72,BOLIVIA,0.09079184,SUBA,11,4,Territorio Red Norte,0.09079184,0.00038646
134,UPZ15,COUNTRY CLUB,0.06354134,SUBA,11,4,Territorio Red Norte,0.06354134,0.00023261
135,UPZ16,SANTA BARBARA,0.07734376,BARRIOS UNIDOS,12,4,Territorio Red Norte,0.07734376,0.00037357
136,UPZ21,LOS ANDES,0.05765049,BARRIOS UNIDOS,12,4,Territorio Red Norte,0.05765049,0.00022381
137,UPZ89,SAN ISIDRO - PATIOS,0.05323999,USAQUEN,1,4,Territorio Red Norte,0.05323999,9.20E-05
138,UPZ106,LA ESMERALDA,0.0541647,BARRIOS UNIDOS,12,4,Territorio Red Norte,0.0541647,0.00015707
139,UPZ86,EL PORVENIR,0.09053768,KENNEDY,8,2,Territorio Red Sur Occidente,0.09053768,0.00037545
140,UPZ82,PATIO BONITO,0.08301776,KENNEDY,8,2,Territorio Red Sur Occidente,0.08301776,0.00025841
141,UPZ99,CHAPINERO,0.07958071,BARRIOS UNIDOS,12,4,Territorio Red Norte,0.07958071,0.00012973
142,UPZ109,CIUDAD SALITRE ORIENTAL,0.05797411,TEUSAQUILLO,13,4,Territorio Red Norte,0.05797411,0.00014702
143,UPZ90,PARDO RUBIO,0.13039872,SANTA FE,3,3,Territorio Red Centro Oriente,0.13039872,0.00023225
144,UPZ33,SOSIEGO,0.05867176,RAFAEL URIBE URIBE,18,3,Territorio Red Centro Oriente,0.05867176,0.00019129
145,UPZ111,PUENTE ARANDA,0.07876444,TEUSAQUILLO,13,4,Territorio Red Norte,0.07876444,0.00029027
146,UPZ102,LA SABANA,0.07646898,TEUSAQUILLO,13,4,Territorio Red Norte,0.07646898,0.00036721
147,UPZ45,CARVAJAL,0.09134749,TUNJUELITO,6,1,Territorio Red Sur,0.09134749,0.00035716
148,UPZ93,LAS NIEVES,0.06185131,TEUSAQUILLO,13,4,Territorio Red Norte,0.06185131,0.00014053
149,UPZ37,SANTA ISABEL,0.05539622,LOS MARTIRES,14,3,Territorio Red Centro Oriente,0.05539622,0.00016324
150,UPZ49,APOGEO,0.07336394,KENNEDY,8,2,Territorio Red Sur Occidente,0.07336394,0.00017148
151,UPZ19,EL PRADO,0.09591693,SUBA,11,4,Territorio Red Norte,0.09591693,0.00035299
152,UPZ24,NIZA,0.12220205,SUBA,11,4,Territorio Red Norte,0.12220205,0.0006162
153,UPZ23,CASA BLANCA SUBA,0.09318943,SUBA,11,4,Territorio Red Norte,0.09318943,0.00034247
154,UPZ110,CIUDAD SALITRE OCCIDENTAL,0.05497864,TEUSAQUILLO,13,4,Territorio Red Norte,0.05497864,0.00018381
155,UPZ104,PARQUE SIMON BOLIVAR - CAN,0.11047598,BARRIOS UNIDOS,12,4,Territorio Red Norte,0.11047598,0.00032467
156,UPZ31,SANTA CECILIA,0.0692341,ENGATIVA,10,4,Territorio Red Norte,0.0692341,0.00025131
157,UPZ68,EL TESORO,0.09072186,CIUDAD BOLIVAR,19,1,Territorio Red Sur,0.09072186,0.00017169
158,UPZ64,MONTE BLANCO,0.19686587,USME,5,1,Territorio Red Sur,0.19686587,0.00056642
159,UPZ71,TIBABUYES,0.15653033,SUBA,11,4,Territorio Red Norte,0.15653033,0.00059162
160,UPZ29,MINUTO DE DIOS,0.08422557,SUBA,11,4,Territorio Red Norte,0.08422557,0.000304
161,UPZ76,FONTIBON SAN PABLO,0.08721918,FONTIBON,9,2,Territorio Red Sur Occidente,0.08721918,0.00029317
162,UPZ3,GUAYMARAL,0.10729746,SUBA,11,4,Territorio Red Norte,0.10729746,0.00036951
163,UPZ80,CORABASTOS,0.05308656,KENNEDY,8,2,Territorio Red Sur Occidente,0.05308656,0.00015027
164,UPZ67,LUCERO,0.12185553,TUNJUELITO,6,1,Territorio Red Sur,0.12185553,0.00047747
165,UPZ63,EL MOCHUELO,0.09852597,TUNJUELITO,6,1,Territorio Red Sur,0.09852597,0.0002579
166,UPZ55,DIANA TURBAY,0.07121449,RAFAEL URIBE URIBE,18,3,Territorio Red Centro Oriente,0.07121449,0.00017216
167,UPZ51,LOS LIBERTADORES,0.11468879,RAFAEL URIBE URIBE,18,3,Territorio Red Centro Oriente,0.11468879,0.00029715
168,UPZ60,PARQUE ENTRENUBES,0.13191932,RAFAEL URIBE URIBE,18,3,Territorio Red Centro Oriente,0.13191932,0.00031105
169,UPZ56,DANUBIO,0.08739913,TUNJUELITO,6,1,Territorio Red Sur,0.08739913,0.00023511
170,UPZ65,ARBORIZADORA,0.14141227,TUNJUELITO,6,1,Territorio Red Sur,0.14141227,0.00024939
171,UPZ2,LA ACADEMIA,0.12596425,SUBA,11,4,Territorio Red Norte,0.12596425,0.00054742
172,UPZ17,SAN JOSE DE BAVARIA,0.085272,SUBA,11,4,Territorio Red Norte,0.085272,0.00035697
173,UPZ18,BRITALIA,0.07104776,SUBA,11,4,Territorio Red Norte,0.07104776,0.00026768
174,UPZ26,LAS FERIAS,0.08409591,BARRIOS UNIDOS,12,4,Territorio Red Norte,0.08409591,0.00038549
175,UPZ115,CAPELLANIA,0.09547234,ENGATIVA,10,4,Territorio Red Norte,0.09547234,0.00022161
176,UPZ50,LA GLORIA,0.12381564,RAFAEL URIBE URIBE,18,3,Territorio Red Centro Oriente,0.12381564,0.00031419
177,UPZ60,PARQUE ENTRENUBES,0.03336099,RAFAEL URIBE URIBE,18,3,Territorio Red Centro Oriente,0.03336099,3.01E-05
178,UPZ20,LA ALHAMBRA,0.06376832,BARRIOS UNIDOS,12,4,Territorio Red Norte,0.06376832,0.00023193
179,UPZ79,CALANDAIMA,0.08705838,KENNEDY,8,2,Territorio Red Sur Occidente,0.08705838,0.00025973
180,UPZ12,TOBERIN,0.06450494,SUBA,11,4,Territorio Red Norte,0.06450494,0.00023674
181,UPZ10,LA URIBE,0.10083865,SUBA,11,4,Territorio Red Norte,0.10083865,0.00028121
182,UPZ59,ALFONSO LOPEZ,0.06995825,USME,5,1,Territorio Red Sur,0.06995825,0.00017627
183,UPZ58,COMUNEROS,0.11763925,USME,5,1,Territorio Red Sur,0.11763925,0.00040143
184,UPZ43,SAN RAFAEL,0.0702767,PUENTE ARANDA,16,2,Territorio Red Sur Occidente,0.0702767,0.00026817
185,UPZ47,KENNEDY CENTRAL,0.08323578,KENNEDY,8,2,Territorio Red Sur Occidente,0.08323578,0.00027461
186,UPZ48,TIMIZA,0.10548036,KENNEDY,8,2,Territorio Red Sur Occidente,0.10548036,0.00035052
187,UPZ113,BAVARIA,0.06072521,PUENTE ARANDA,16,2,Territorio Red Sur Occidente,0.06072521,0.00022576
188,UPZ44,AMERICAS,0.07939973,KENNEDY,8,2,Territorio Red Sur Occidente,0.07939973,0.00031024
189,UPZ13,LOS CEDROS,0.11840785,SUBA,11,4,Territorio Red Norte,0.11840785,0.00054752
190,UPZ70,JERUSALEM,0.12207114,CIUDAD BOLIVAR,19,1,Territorio Red Sur,0.12207114,0.00043765
191,UPZ36,SAN JOSE,0.05717493,RAFAEL URIBE URIBE,18,3,Territorio Red Centro Oriente,0.05717493,0.00016933
192,UPZ66,SAN FRANCISCO,0.07435825,TUNJUELITO,6,1,Territorio Red Sur,0.07435825,0.00014543
193,UPZ57,GRAN YOMASA,0.14072145,USME,5,1,Territorio Red Sur,0.14072145,0.00043626
194,UPZ52,LA FLORA,0.08726529,SAN CRISTOBAL,4,3,Territorio Red Centro Oriente,0.08726529,0.00014682
195,UPZ52,LA FLORA,0.01173432,USME,5,1,Territorio Red Sur,0.01173432,6.02E-06
196,UPZ11,SAN CRISTOBAL NORTE,0.09820609,USAQUEN,1,4,Territorio Red Norte,0.09820609,0.0002242
197,UPZ14,USAQUEN,0.1336477,USAQUEN,1,4,Territorio Red Norte,0.1336477,0.00040126
198,UPZ73,GARCES NAVAS,0.12122823,ENGATIVA,10,4,Territorio Red Norte,0.12122823,0.00045205
199,UPZ74,ENGATIVA,0.12242699,ENGATIVA,10,4,Territorio Red Norte,0.12242699,0.0004786
200,UPZ25,LA FLORESTA,0.10754108,BARRIOS UNIDOS,12,4,Territorio Red Norte,0.10754108,0.00032046
201,UPZ97,CHICO LAGO,0.10465543,BARRIOS UNIDOS,12,4,Territorio Red Norte,0.10465543,0.00034404
202,UPZ98,LOS ALCAZARES,0.07962914,BARRIOS UNIDOS,12,4,Territorio Red Norte,0.07962914,0.00033718
203,UPZ96,LOURDES,0.08608507,CANDELARIA,17,3,Territorio Red Centro Oriente,0.08608507,0.00016297
204,UPZ92,LA MACARENA,0.073558,CANDELARIA,17,3,Territorio Red Centro Oriente,0.073558,6.95E-05
205,UPZ94,LA CANDELARIA,0.06715641,CANDELARIA,17,3,Territorio Red Centro Oriente,0.06715641,0.00016777
206,UPZ9,VERBENAL,0.08690104,SUBA,11,4,Territorio Red Norte,0.08690104,0.00028979
207,UPZ28,EL RINCON,0.1185522,SUBA,11,4,Territorio Red Norte,0.1185522,0.00057834
208,UPZ30,BOYACA REAL,0.08043807,ENGATIVA,10,4,Territorio Red Norte,0.08043807,0.00036957
209,UPZ116,ALAMOS,0.08117443,ENGATIVA,10,4,Territorio Red Norte,0.08117443,0.00016308
210,UPZ35,CIUDAD JARDIN,0.04848404,LOS MARTIRES,14,3,Territorio Red Centro Oriente,0.04848404,0.00010849
211,UPZ38,RESTREPO,0.09543319,LOS MARTIRES,14,3,Territorio Red Centro Oriente,0.09543319,0.00028885
212,UPZ41,MUZU,0.06276576,PUENTE ARANDA,16,2,Territorio Red Sur Occidente,0.06276576,0.00020588
213,UPZ40,CIUDAD MONTES,0.07985542,PUENTE ARANDA,16,2,Territorio Red Sur Occidente,0.07985542,0.00036284
214,UPZ34,20 DE JULIO,0.0617638,RAFAEL URIBE URIBE,18,3,Territorio Red Centro Oriente,0.0617638,0.00021378
215,UPZ84,BOSA OCCIDENTAL,0.10628509,KENNEDY,8,2,Territorio Red Sur Occidente,0.10628509,0.00035048
216,UPZ85,BOSA CENTRAL,0.14801612,KENNEDY,8,2,Territorio Red Sur Occidente,0.14801612,0.00058196
217,UPZ32,SAN BLAS,0.157288,SANTA FE,3,3,Territorio Red Centro Oriente,0.157288,0.00032573
218,UPZ95,LAS CRUCES,0.04261824,LOS MARTIRES,14,3,Territorio Red Centro Oriente,0.04261824,7.52E-05
219,UPZ87,TINTAL SUR,0.14547286,BOSA,7,2,Territorio Red Sur Occidente,0.14547286,0.0004698
220,UPZ1,PASEO DE LOS LIBERTADORES,0.16450556,SUBA,11,4,Territorio Red Norte,0.16450556,0.00051393
221,UPZ46,CASTILLA,0.08892227,KENNEDY,8,2,Territorio Red Sur Occidente,0.08892227,0.00040978
222,UPZ112,GRANJAS DE TECHO,0.09346924,TEUSAQUILLO,13,4,Territorio Red Norte,0.09346924,0.00038895
223,UPZ78,TINTAL NORTE,0.09470913,KENNEDY,8,2,Territorio Red Sur Occidente,0.09470913,0.00027964
224,UPZ117,AEROPUERTO EL DORADO,0.13568565,ENGATIVA,10,4,Territorio Red Norte,0.13568565,0.00060519
225,UPZ77,ZONA FRANCA,0.16996874,KENNEDY,8,2,Territorio Red Sur Occidente,0.16996874,0.00040035
226,UPZ54,MARRUECOS,0.07917853,TUNJUELITO,6,1,Territorio Red Sur,0.07917853,0.00029549
227,UPZ39,QUIROGA,0.085462,TUNJUELITO,6,1,Territorio Red Sur,0.085462,0.00030575
228,UPZ62,TUNJUELITO,0.09174657,TUNJUELITO,6,1,Territorio Red Sur,0.09174657,0.00026647
229,UPZ53,MARCO FIDEL SUAREZ,0.05669328,RAFAEL URIBE URIBE,18,3,Territorio Red Centro Oriente,0.05669328,0.00015026
230,UPZ69,ISMAEL PERDOMO,0.09475742,BOSA,7,2,Territorio Red Sur Occidente,0.09475742,0.00045592
231,UPZ61,CIUDAD USME,0.24488713,USME,5,1,Territorio Red Sur,0.24488713,0.00075019
232,UPZ42,VENECIA,0.15120994,TUNJUELITO,6,1,Territorio Red Sur,0.15120994,0.00054056
236,1,UPR ZONA NORTE,0.61363375,SUBA,11,4,Territorio Red Norte,0.61363375,0.00305714
237,UPZ100,GALERIAS,0.06056277,BARRIOS UNIDOS,12,4,Territorio Red Norte,0.06056277,0.00019347
238,UPZ83,LAS MARGARITAS,0.05809272,KENNEDY,8,2,Territorio Red Sur Occidente,0.05809272,0.00011991
239,UPZ107,QUINTA PAREDES,0.05957581,TEUSAQUILLO,13,4,Territorio Red Norte,0.05957581,0.00014166
240,UPZ101,TEUSAQUILLO,0.06356544,TEUSAQUILLO,13,4,Territorio Red Norte,0.06356544,0.00019194
241,UPZ91,SAGRADO CORAZON,0.06491195,TEUSAQUILLO,13,4,Territorio Red Norte,0.06491195,0.00011951
242,UPZ81,GRAN BRITALIA,0.06921748,KENNEDY,8,2,Territorio Red Sur Occidente,0.06921748,0.0001465
243,UPZ108,ZONA INDUSTRIAL,0.07101292,TEUSAQUILLO,13,4,Territorio Red Norte,0.07101292,0.00028254
244,UPZ75,FONTIBON,0.07824012,FONTIBON,9,2,Territorio Red Sur Occidente,0.07824012,0.00040432
245,UPZ22,DOCE DE OCTUBRE,0.06905636,BARRIOS UNIDOS,12,4,Territorio Red Norte,0.06905636,0.00027384
246,UPZ114,MODELIA,0.06636463,FONTIBON,9,2,Territorio Red Sur Occidente,0.06636463,0.00021303
247,UPZ103,PARQUE SALITRE,0.05404711,BARRIOS UNIDOS,12,4,Territorio Red Norte,0.05404711,0.00013457
248,UPZ105,JARDIN BOTANICO,0.04717506,BARRIOS UNIDOS,12,4,Territorio Red Norte,0.04717506,0.00013169
249,UPZ88,EL REFUGIO,0.11952914,USAQUEN,1,4,Territorio Red Norte,0.11952914,0.00027362
250,UPZ27,SUBA,0.12411715,SUBA,11,4,Territorio Red Norte,0.12411715,0.00053178
251,UPZ72,BOLIVIA,0.09079184,SUBA,11,4,Territorio Red Norte,0.09079184,0.00038646
252,UPZ15,COUNTRY CLUB,0.06354134,SUBA,11,4,Territorio Red Norte,0.06354134,0.00023261
253,UPZ16,SANTA BARBARA,0.07734376,BARRIOS UNIDOS,12,4,Territorio Red Norte,0.07734376,0.00037357
254,UPZ21,LOS ANDES,0.05765049,BARRIOS UNIDOS,12,4,Territorio Red Norte,0.05765049,0.00022381
255,UPZ89,SAN ISIDRO - PATIOS,0.05323999,USAQUEN,1,4,Territorio Red Norte,0.05323999,9.20E-05
256,UPZ106,LA ESMERALDA,0.0541647,BARRIOS UNIDOS,12,4,Territorio Red Norte,0.0541647,0.00015707
257,UPZ86,EL PORVENIR,0.09053768,KENNEDY,8,2,Territorio Red Sur Occidente,0.09053768,0.00037545
258,UPZ82,PATIO BONITO,0.08301776,KENNEDY,8,2,Territorio Red Sur Occidente,0.08301776,0.00025841
259,UPZ99,CHAPINERO,0.07958071,BARRIOS UNIDOS,12,4,Territorio Red Norte,0.07958071,0.00012973
260,UPZ109,CIUDAD SALITRE ORIENTAL,0.05797411,TEUSAQUILLO,13,4,Territorio Red Norte,0.05797411,0.00014702
261,UPZ90,PARDO RUBIO,0.13039872,SANTA FE,3,3,Territorio Red Centro Oriente,0.13039872,0.00023225
262,UPZ33,SOSIEGO,0.05867176,RAFAEL URIBE URIBE,18,3,Territorio Red Centro Oriente,0.05867176,0.00019129
263,UPZ111,PUENTE ARANDA,0.07876444,TEUSAQUILLO,13,4,Territorio Red Norte,0.07876444,0.00029027
264,UPZ102,LA SABANA,0.07646898,TEUSAQUILLO,13,4,Territorio Red Norte,0.07646898,0.00036721
265,UPZ45,CARVAJAL,0.09134749,TUNJUELITO,6,1,Territorio Red Sur,0.09134749,0.00035716
266,UPZ93,LAS NIEVES,0.06185131,TEUSAQUILLO,13,4,Territorio Red Norte,0.06185131,0.00014053
267,UPZ37,SANTA ISABEL,0.05539622,LOS MARTIRES,14,3,Territorio Red Centro Oriente,0.05539622,0.00016324
268,UPZ49,APOGEO,0.07336394,KENNEDY,8,2,Territorio Red Sur Occidente,0.07336394,0.00017148
269,UPZ19,EL PRADO,0.09591693,SUBA,11,4,Territorio Red Norte,0.09591693,0.00035299
270,UPZ24,NIZA,0.12220205,SUBA,11,4,Territorio Red Norte,0.12220205,0.0006162
271,UPZ23,CASA BLANCA SUBA,0.09318943,SUBA,11,4,Territorio Red Norte,0.09318943,0.00034247
272,UPZ110,CIUDAD SALITRE OCCIDENTAL,0.05497864,TEUSAQUILLO,13,4,Territorio Red Norte,0.05497864,0.00018381
273,UPZ104,PARQUE SIMON BOLIVAR - CAN,0.11047598,BARRIOS UNIDOS,12,4,Territorio Red Norte,0.11047598,0.00032467
274,UPZ31,SANTA CECILIA,0.0692341,ENGATIVA,10,4,Territorio Red Norte,0.0692341,0.00025131
275,UPZ68,EL TESORO,0.09072186,CIUDAD BOLIVAR,19,1,Territorio Red Sur,0.09072186,0.00017169
276,UPZ64,MONTE BLANCO,0.19686587,USME,5,1,Territorio Red Sur,0.19686587,0.00056642
277,UPZ71,TIBABUYES,0.15653033,SUBA,11,4,Territorio Red Norte,0.15653033,0.00059162
278,UPZ29,MINUTO DE DIOS,0.08422557,SUBA,11,4,Territorio Red Norte,0.08422557,0.000304
279,UPZ76,FONTIBON SAN PABLO,0.08721918,FONTIBON,9,2,Territorio Red Sur Occidente,0.08721918,0.00029317
280,UPZ3,GUAYMARAL,0.10729746,SUBA,11,4,Territorio Red Norte,0.10729746,0.00036951
281,UPZ80,CORABASTOS,0.05308656,KENNEDY,8,2,Territorio Red Sur Occidente,0.05308656,0.00015027
282,UPZ67,LUCERO,0.12185553,TUNJUELITO,6,1,Territorio Red Sur,0.12185553,0.00047747
283,UPZ63,EL MOCHUELO,0.09852597,TUNJUELITO,6,1,Territorio Red Sur,0.09852597,0.0002579
284,UPZ55,DIANA TURBAY,0.07121449,RAFAEL URIBE URIBE,18,3,Territorio Red Centro Oriente,0.07121449,0.00017216
285,UPZ51,LOS LIBERTADORES,0.11468879,RAFAEL URIBE URIBE,18,3,Territorio Red Centro Oriente,0.11468879,0.00029715
286,UPZ60,PARQUE ENTRENUBES,0.13191932,RAFAEL URIBE URIBE,18,3,Territorio Red Centro Oriente,0.13191932,0.00031105
287,UPZ56,DANUBIO,0.08739913,TUNJUELITO,6,1,Territorio Red Sur,0.08739913,0.00023511
288,UPZ65,ARBORIZADORA,0.14141227,TUNJUELITO,6,1,Territorio Red Sur,0.14141227,0.00024939
289,UPZ2,LA ACADEMIA,0.12596425,SUBA,11,4,Territorio Red Norte,0.12596425,0.00054742
290,UPZ17,SAN JOSE DE BAVARIA,0.085272,SUBA,11,4,Territorio Red Norte,0.085272,0.00035697
291,UPZ18,BRITALIA,0.07104776,SUBA,11,4,Territorio Red Norte,0.07104776,0.00026768
292,UPZ26,LAS FERIAS,0.08409591,BARRIOS UNIDOS,12,4,Territorio Red Norte,0.08409591,0.00038549
293,UPZ115,CAPELLANIA,0.09547234,ENGATIVA,10,4,Territorio Red Norte,0.09547234,0.00022161
294,UPZ50,LA GLORIA,0.12381564,RAFAEL URIBE URIBE,18,3,Territorio Red Centro Oriente,0.12381564,0.00031419
295,UPZ60,PARQUE ENTRENUBES,0.03336099,RAFAEL URIBE URIBE,18,3,Territorio Red Centro Oriente,0.03336099,3.01E-05
296,UPZ20,LA ALHAMBRA,0.06376832,BARRIOS UNIDOS,12,4,Territorio Red Norte,0.06376832,0.00023193
297,UPZ79,CALANDAIMA,0.08705838,KENNEDY,8,2,Territorio Red Sur Occidente,0.08705838,0.00025973
298,UPZ12,TOBERIN,0.06450494,SUBA,11,4,Territorio Red Norte,0.06450494,0.00023674
299,UPZ10,LA URIBE,0.10083865,SUBA,11,4,Territorio Red Norte,0.10083865,0.00028121
300,UPZ59,ALFONSO LOPEZ,0.06995825,USME,5,1,Territorio Red Sur,0.06995825,0.00017627
301,UPZ58,COMUNEROS,0.11763925,USME,5,1,Territorio Red Sur,0.11763925,0.00040143
302,UPZ43,SAN RAFAEL,0.0702767,PUENTE ARANDA,16,2,Territorio Red Sur Occidente,0.0702767,0.00026817
303,UPZ47,KENNEDY CENTRAL,0.08323578,KENNEDY,8,2,Territorio Red Sur Occidente,0.08323578,0.00027461
304,UPZ48,TIMIZA,0.10548036,KENNEDY,8,2,Territorio Red Sur Occidente,0.10548036,0.00035052
305,UPZ113,BAVARIA,0.06072521,PUENTE ARANDA,16,2,Territorio Red Sur Occidente,0.06072521,0.00022576
306,UPZ44,AMERICAS,0.07939973,KENNEDY,8,2,Territorio Red Sur Occidente,0.07939973,0.00031024
307,UPZ13,LOS CEDROS,0.11840785,SUBA,11,4,Territorio Red Norte,0.11840785,0.00054752
308,UPZ70,JERUSALEM,0.12207114,CIUDAD BOLIVAR,19,1,Territorio Red Sur,0.12207114,0.00043765
309,UPZ36,SAN JOSE,0.05717493,RAFAEL URIBE URIBE,18,3,Territorio Red Centro Oriente,0.05717493,0.00016933
310,UPZ66,SAN FRANCISCO,0.07435825,TUNJUELITO,6,1,Territorio Red Sur,0.07435825,0.00014543
311,UPZ57,GRAN YOMASA,0.14072145,USME,5,1,Territorio Red Sur,0.14072145,0.00043626
312,UPZ52,LA FLORA,0.08726529,SAN CRISTOBAL,4,3,Territorio Red Centro Oriente,0.08726529,0.00014682
313,UPZ52,LA FLORA,0.01173432,USME,5,1,Territorio Red Sur,0.01173432,6.02E-06
314,UPZ11,SAN CRISTOBAL NORTE,0.09820609,USAQUEN,1,4,Territorio Red Norte,0.09820609,0.0002242
315,UPZ14,USAQUEN,0.1336477,USAQUEN,1,4,Territorio Red Norte,0.1336477,0.00040126
316,UPZ73,GARCES NAVAS,0.12122823,ENGATIVA,10,4,Territorio Red Norte,0.12122823,0.00045205
317,UPZ74,ENGATIVA,0.12242699,ENGATIVA,10,4,Territorio Red Norte,0.12242699,0.0004786
318,UPZ25,LA FLORESTA,0.10754108,BARRIOS UNIDOS,12,4,Territorio Red Norte,0.10754108,0.00032046
319,UPZ97,CHICO LAGO,0.10465543,BARRIOS UNIDOS,12,4,Territorio Red Norte,0.10465543,0.00034404
320,UPZ98,LOS ALCAZARES,0.07962914,BARRIOS UNIDOS,12,4,Territorio Red Norte,0.07962914,0.00033718
321,UPZ96,LOURDES,0.08608507,CANDELARIA,17,3,Territorio Red Centro Oriente,0.08608507,0.00016297
322,UPZ92,LA MACARENA,0.073558,CANDELARIA,17,3,Territorio Red Centro Oriente,0.073558,6.95E-05
323,UPZ94,LA CANDELARIA,0.06715641,CANDELARIA,17,3,Territorio Red Centro Oriente,0.06715641,0.00016777
324,UPZ9,VERBENAL,0.08690104,SUBA,11,4,Territorio Red Norte,0.08690104,0.00028979
325,UPZ28,EL RINCON,0.1185522,SUBA,11,4,Territorio Red Norte,0.1185522,0.00057834
326,UPZ30,BOYACA REAL,0.08043807,ENGATIVA,10,4,Territorio Red Norte,0.08043807,0.00036957
327,UPZ116,ALAMOS,0.08117443,ENGATIVA,10,4,Territorio Red Norte,0.08117443,0.00016308
328,UPZ35,CIUDAD JARDIN,0.04848404,LOS MARTIRES,14,3,Territorio Red Centro Oriente,0.04848404,0.00010849
329,UPZ38,RESTREPO,0.09543319,LOS MARTIRES,14,3,Territorio Red Centro Oriente,0.09543319,0.00028885
330,UPZ41,MUZU,0.06276576,PUENTE ARANDA,16,2,Territorio Red Sur Occidente,0.06276576,0.00020588
331,UPZ40,CIUDAD MONTES,0.07985542,PUENTE ARANDA,16,2,Territorio Red Sur Occidente,0.07985542,0.00036284
332,UPZ34,20 DE JULIO,0.0617638,RAFAEL URIBE URIBE,18,3,Territorio Red Centro Oriente,0.0617638,0.00021378
333,UPZ84,BOSA OCCIDENTAL,0.10628509,KENNEDY,8,2,Territorio Red Sur Occidente,0.10628509,0.00035048
334,UPZ85,BOSA CENTRAL,0.14801612,KENNEDY,8,2,Territorio Red Sur Occidente,0.14801612,0.00058196
335,UPZ32,SAN BLAS,0.157288,SANTA FE,3,3,Territorio Red Centro Oriente,0.157288,0.00032573
336,UPZ95,LAS CRUCES,0.04261824,LOS MARTIRES,14,3,Territorio Red Centro Oriente,0.04261824,7.52E-05
337,UPZ87,TINTAL SUR,0.14547286,BOSA,7,2,Territorio Red Sur Occidente,0.14547286,0.0004698
338,UPZ1,PASEO DE LOS LIBERTADORES,0.16450556,SUBA,11,4,Territorio Red Norte,0.16450556,0.00051393
339,UPZ46,CASTILLA,0.08892227,KENNEDY,8,2,Territorio Red Sur Occidente,0.08892227,0.00040978
340,UPZ112,GRANJAS DE TECHO,0.09346924,TEUSAQUILLO,13,4,Territorio Red Norte,0.09346924,0.00038895
341,UPZ78,TINTAL NORTE,0.09470913,KENNEDY,8,2,Territorio Red Sur Occidente,0.09470913,0.00027964
342,UPZ117,AEROPUERTO EL DORADO,0.13568565,ENGATIVA,10,4,Territorio Red Norte,0.13568565,0.00060519
343,UPZ77,ZONA FRANCA,0.16996874,KENNEDY,8,2,Territorio Red Sur Occidente,0.16996874,0.00040035
344,UPZ54,MARRUECOS,0.07917853,TUNJUELITO,6,1,Territorio Red Sur,0.07917853,0.00029549
345,UPZ39,QUIROGA,0.085462,TUNJUELITO,6,1,Territorio Red Sur,0.085462,0.00030575
346,UPZ62,TUNJUELITO,0.09174657,TUNJUELITO,6,1,Territorio Red Sur,0.09174657,0.00026647
347,UPZ53,MARCO FIDEL SUAREZ,0.05669328,RAFAEL URIBE URIBE,18,3,Territorio Red Centro Oriente,0.05669328,0.00015026
348,UPZ69,ISMAEL PERDOMO,0.09475742,BOSA,7,2,Territorio Red Sur Occidente,0.09475742,0.00045592
349,UPZ61,CIUDAD USME,0.24488713,USME,5,1,Territorio Red Sur,0.24488713,0.00075019
350,UPZ42,VENECIA,0.15120994,TUNJUELITO,6,1,Territorio Red Sur,0.15120994,0.00054056
354,1,UPR ZONA NORTE,0.61363375,SUBA,11,4,Territorio Red Norte,0.61363375,0.00305714
346,UPZ62,TUNJUELITO,0.09174657,TUNJUELITO,6,1,Territorio Red Sur,0.09174657,0.00026647
347,UPZ53,MARCO FIDEL SUAREZ,0.05669328,RAFAEL URIBE URIBE,18,3,Territorio Red Centro Oriente,0.05669328,0.00015026
348,UPZ69,ISMAEL PERDOMO,0.09475742,BOSA,7,2,Territorio Red Sur Occidente,0.09475742,0.00045592
349,UPZ61,CIUDAD USME,0.24488713,USME,5,1,Territorio Red Sur,0.24488713,0.00075019
350,UPZ42,VENECIA,0.15120994,TUNJUELITO,6,1,Territorio Red Sur,0.15120994,0.00054056
354,1,UPR ZONA NORTE,0.61363375,SUBA,11,4,Territorio Red Norte,0.61363375,0.00305714